id,prompt
P136,spider sonata late night
P279,is mongolian compartment ##ized
P1376,tornado – located affecting
P159,characterised ultimately headquartered in
P30,##folia pdf isla archives
P108,renamed demonstrating ##frame @
P1001,##orous government jurisdictions within
P364,typing mainly subscribers speak
P463,overthrow archaeologist affiliated to
P47,⟨ suburban border with
P527,resembles une pudding ##minated
P37,speaks hog ##arion ##ually
P495,succeeds platinum song in
P27,rubble olympics internationally for
P449,bbc rival american network
P106,married alexander putin aspiring
P407,modernization journalist fluent solely
P1303,listeners victor saxophone electric
P1412,skaters pseudonym in fluent
P190,thrilled alongside ioc besieged
P740,moat ##isation toured downtown
P138,- affectionately designated being
P131,brothel squat encompassing southeastern
P178,injunction 1997 consoles sued
P101,pontifical cambridge references practical
P276,reviews charity located in
P39,epithet comune elected consecrated
P31,suffers resembles every slovenian
P20,auguste eastern studio in
P413,undrafted mls stallion flames
P103,javanese ##lova ##vier speaks
P140,sutra syria practicing radical
P530,##yeh briefly border visits
P176,nrhp brand from rival
P127,hallways overall sponsor represents
P19,##games architect practicing in
P17,traced volleyball municipalities in
P36,commanded postal headquartered in
P937,gallery portrait museum in
P264,sued beatles nonprofit operation
P361,##atz common equivalent for
